instance,study,dist,N,K,solver,time_limit,objective,runtime,status
scale_cluster_N200_K15_s42.txt,scale,cluster,200,15,Greedy_LS,0.5,764,0.503,OK
scale_cluster_N200_K15_s42.txt,scale,cluster,200,15,SA,0.5,742,0.444,OK
scale_cluster_N200_K15_s42.txt,scale,cluster,200,15,Tabu,0.5,3033,0.812,OK
scale_cluster_N200_K15_s42.txt,scale,cluster,200,15,Greedy_LS,1.0,764,1.007,OK
scale_cluster_N200_K15_s42.txt,scale,cluster,200,15,SA,1.0,742,0.888,OK
scale_cluster_N200_K15_s42.txt,scale,cluster,200,15,Tabu,1.0,2890,1.239,OK
scale_cluster_N200_K15_s42.txt,scale,cluster,200,15,Greedy_LS,2.0,764,1.618,OK
scale_cluster_N200_K15_s42.txt,scale,cluster,200,15,SA,2.0,742,1.765,OK
scale_cluster_N200_K15_s42.txt,scale,cluster,200,15,Tabu,2.0,2566,2.311,OK
scale_cluster_N200_K15_s42.txt,scale,cluster,200,15,Greedy_LS,5.0,764,1.617,OK
scale_cluster_N200_K15_s42.txt,scale,cluster,200,15,SA,5.0,742,4.405,OK
scale_cluster_N200_K15_s42.txt,scale,cluster,200,15,Tabu,5.0,2487,5.118,OK
scale_cluster_N30_K4_s42.txt,scale,cluster,30,4,Greedy_LS,0.5,714,0.241,OK
scale_cluster_N30_K4_s42.txt,scale,cluster,30,4,SA,0.5,728,0.443,OK
scale_cluster_N30_K4_s42.txt,scale,cluster,30,4,Tabu,0.5,819,0.504,OK
scale_cluster_N30_K4_s42.txt,scale,cluster,30,4,MIP,0.5,2160,0.588,OK
scale_cluster_N30_K4_s42.txt,scale,cluster,30,4,Greedy_LS,1.0,714,0.221,OK
scale_cluster_N30_K4_s42.txt,scale,cluster,30,4,SA,1.0,728,0.882,OK
scale_cluster_N30_K4_s42.txt,scale,cluster,30,4,Tabu,1.0,819,1.004,OK
scale_cluster_N30_K4_s42.txt,scale,cluster,30,4,MIP,1.0,1766,1.042,OK
scale_cluster_N30_K4_s42.txt,scale,cluster,30,4,Greedy_LS,2.0,714,0.223,OK
scale_cluster_N30_K4_s42.txt,scale,cluster,30,4,SA,2.0,728,1.762,OK
scale_cluster_N30_K4_s42.txt,scale,cluster,30,4,Tabu,2.0,819,2.005,OK
scale_cluster_N30_K4_s42.txt,scale,cluster,30,4,MIP,2.0,1766,2.064,OK
scale_cluster_N30_K4_s42.txt,scale,cluster,30,4,Greedy_LS,5.0,714,0.233,OK
scale_cluster_N30_K4_s42.txt,scale,cluster,30,4,SA,5.0,714,4.405,OK
scale_cluster_N30_K4_s42.txt,scale,cluster,30,4,Tabu,5.0,819,5.005,OK
scale_cluster_N30_K4_s42.txt,scale,cluster,30,4,MIP,5.0,1097,5.255,OK
scale_cluster_N80_K8_s42.txt,scale,cluster,80,8,Greedy_LS,0.5,773,0.504,OK
scale_cluster_N80_K8_s42.txt,scale,cluster,80,8,SA,0.5,773,0.445,OK
scale_cluster_N80_K8_s42.txt,scale,cluster,80,8,Tabu,0.5,1291,0.526,OK
scale_cluster_N80_K8_s42.txt,scale,cluster,80,8,Greedy_LS,1.0,773,0.614,OK
scale_cluster_N80_K8_s42.txt,scale,cluster,80,8,SA,1.0,773,0.883,OK
scale_cluster_N80_K8_s42.txt,scale,cluster,80,8,Tabu,1.0,951,1.012,OK
scale_cluster_N80_K8_s42.txt,scale,cluster,80,8,Greedy_LS,2.0,773,0.59,OK
scale_cluster_N80_K8_s42.txt,scale,cluster,80,8,SA,2.0,773,1.763,OK
scale_cluster_N80_K8_s42.txt,scale,cluster,80,8,Tabu,2.0,928,2.01,OK
scale_cluster_N80_K8_s42.txt,scale,cluster,80,8,Greedy_LS,5.0,773,0.564,OK
scale_cluster_N80_K8_s42.txt,scale,cluster,80,8,SA,5.0,773,4.402,OK
scale_cluster_N80_K8_s42.txt,scale,cluster,80,8,Tabu,5.0,928,5.015,OK
scale_cluster_N8_K2_s42.txt,scale,cluster,8,2,Greedy_LS,0.5,753,0.061,OK
scale_cluster_N8_K2_s42.txt,scale,cluster,8,2,SA,0.5,753,0.443,OK
scale_cluster_N8_K2_s42.txt,scale,cluster,8,2,Tabu,0.5,753,0.503,OK
scale_cluster_N8_K2_s42.txt,scale,cluster,8,2,MIP,0.5,753,0.379,OK
scale_cluster_N8_K2_s42.txt,scale,cluster,8,2,Greedy_LS,1.0,753,0.065,OK
scale_cluster_N8_K2_s42.txt,scale,cluster,8,2,SA,1.0,753,0.882,OK
scale_cluster_N8_K2_s42.txt,scale,cluster,8,2,Tabu,1.0,753,1.006,OK
scale_cluster_N8_K2_s42.txt,scale,cluster,8,2,MIP,1.0,753,0.263,OK
scale_cluster_N8_K2_s42.txt,scale,cluster,8,2,Greedy_LS,2.0,753,0.071,OK
scale_cluster_N8_K2_s42.txt,scale,cluster,8,2,SA,2.0,753,1.767,OK
scale_cluster_N8_K2_s42.txt,scale,cluster,8,2,Tabu,2.0,753,2.003,OK
scale_cluster_N8_K2_s42.txt,scale,cluster,8,2,MIP,2.0,753,0.262,OK
scale_cluster_N8_K2_s42.txt,scale,cluster,8,2,Greedy_LS,5.0,753,0.061,OK
scale_cluster_N8_K2_s42.txt,scale,cluster,8,2,SA,5.0,753,4.402,OK
scale_cluster_N8_K2_s42.txt,scale,cluster,8,2,Tabu,5.0,753,5.006,OK
scale_cluster_N8_K2_s42.txt,scale,cluster,8,2,MIP,5.0,753,0.272,OK
scale_outlier_N200_K15_s42.txt,scale,outlier,200,15,Greedy_LS,0.5,670,0.503,OK
scale_outlier_N200_K15_s42.txt,scale,outlier,200,15,SA,0.5,670,0.445,OK
scale_outlier_N200_K15_s42.txt,scale,outlier,200,15,Tabu,0.5,1863,0.698,OK
scale_outlier_N200_K15_s42.txt,scale,outlier,200,15,Greedy_LS,1.0,670,0.739,OK
scale_outlier_N200_K15_s42.txt,scale,outlier,200,15,SA,1.0,670,0.883,OK
scale_outlier_N200_K15_s42.txt,scale,outlier,200,15,Tabu,1.0,1849,1.086,OK
scale_outlier_N200_K15_s42.txt,scale,outlier,200,15,Greedy_LS,2.0,670,0.635,OK
scale_outlier_N200_K15_s42.txt,scale,outlier,200,15,SA,2.0,670,1.763,OK
scale_outlier_N200_K15_s42.txt,scale,outlier,200,15,Tabu,2.0,1814,2.029,OK
scale_outlier_N200_K15_s42.txt,scale,outlier,200,15,Greedy_LS,5.0,670,0.637,OK
scale_outlier_N200_K15_s42.txt,scale,outlier,200,15,SA,5.0,670,4.403,OK
scale_outlier_N200_K15_s42.txt,scale,outlier,200,15,Tabu,5.0,1771,5.073,OK
scale_outlier_N30_K4_s42.txt,scale,outlier,30,4,Greedy_LS,0.5,652,0.127,OK
scale_outlier_N30_K4_s42.txt,scale,outlier,30,4,SA,0.5,689,0.443,OK
scale_outlier_N30_K4_s42.txt,scale,outlier,30,4,Tabu,0.5,653,0.504,OK
scale_outlier_N30_K4_s42.txt,scale,outlier,30,4,MIP,0.5,1130,0.563,OK
scale_outlier_N30_K4_s42.txt,scale,outlier,30,4,Greedy_LS,1.0,652,0.111,OK
scale_outlier_N30_K4_s42.txt,scale,outlier,30,4,SA,1.0,689,0.882,OK
scale_outlier_N30_K4_s42.txt,scale,outlier,30,4,Tabu,1.0,653,1.003,OK
scale_outlier_N30_K4_s42.txt,scale,outlier,30,4,MIP,1.0,925,1.046,OK
scale_outlier_N30_K4_s42.txt,scale,outlier,30,4,Greedy_LS,2.0,652,0.122,OK
scale_outlier_N30_K4_s42.txt,scale,outlier,30,4,SA,2.0,689,1.762,OK
scale_outlier_N30_K4_s42.txt,scale,outlier,30,4,Tabu,2.0,653,2.003,OK
scale_outlier_N30_K4_s42.txt,scale,outlier,30,4,MIP,2.0,807,2.06,OK
scale_outlier_N30_K4_s42.txt,scale,outlier,30,4,Greedy_LS,5.0,652,0.109,OK
scale_outlier_N30_K4_s42.txt,scale,outlier,30,4,SA,5.0,652,4.405,OK
scale_outlier_N30_K4_s42.txt,scale,outlier,30,4,Tabu,5.0,653,5.004,OK
scale_outlier_N30_K4_s42.txt,scale,outlier,30,4,MIP,5.0,807,5.12,OK
scale_outlier_N80_K8_s42.txt,scale,outlier,80,8,Greedy_LS,0.5,688,0.431,OK
scale_outlier_N80_K8_s42.txt,scale,outlier,80,8,SA,0.5,707,0.446,OK
scale_outlier_N80_K8_s42.txt,scale,outlier,80,8,Tabu,0.5,1009,0.514,OK
scale_outlier_N80_K8_s42.txt,scale,outlier,80,8,Greedy_LS,1.0,688,0.43,OK
scale_outlier_N80_K8_s42.txt,scale,outlier,80,8,SA,1.0,707,0.882,OK
scale_outlier_N80_K8_s42.txt,scale,outlier,80,8,Tabu,1.0,974,1.02,OK
scale_outlier_N80_K8_s42.txt,scale,outlier,80,8,Greedy_LS,2.0,688,0.423,OK
scale_outlier_N80_K8_s42.txt,scale,outlier,80,8,SA,2.0,689,1.762,OK
scale_outlier_N80_K8_s42.txt,scale,outlier,80,8,Tabu,2.0,974,2.011,OK
scale_outlier_N80_K8_s42.txt,scale,outlier,80,8,Greedy_LS,5.0,688,0.463,OK
scale_outlier_N80_K8_s42.txt,scale,outlier,80,8,SA,5.0,688,4.402,OK
scale_outlier_N80_K8_s42.txt,scale,outlier,80,8,Tabu,5.0,974,5.023,OK
scale_outlier_N8_K2_s42.txt,scale,outlier,8,2,Greedy_LS,0.5,624,0.038,OK
scale_outlier_N8_K2_s42.txt,scale,outlier,8,2,SA,0.5,624,0.444,OK
scale_outlier_N8_K2_s42.txt,scale,outlier,8,2,Tabu,0.5,624,0.503,OK
scale_outlier_N8_K2_s42.txt,scale,outlier,8,2,MIP,0.5,624,0.228,OK
scale_outlier_N8_K2_s42.txt,scale,outlier,8,2,Greedy_LS,1.0,624,0.037,OK
scale_outlier_N8_K2_s42.txt,scale,outlier,8,2,SA,1.0,624,0.882,OK
scale_outlier_N8_K2_s42.txt,scale,outlier,8,2,Tabu,1.0,624,1.003,OK
scale_outlier_N8_K2_s42.txt,scale,outlier,8,2,MIP,1.0,624,0.137,OK
scale_outlier_N8_K2_s42.txt,scale,outlier,8,2,Greedy_LS,2.0,624,0.039,OK
scale_outlier_N8_K2_s42.txt,scale,outlier,8,2,SA,2.0,624,1.763,OK
scale_outlier_N8_K2_s42.txt,scale,outlier,8,2,Tabu,2.0,624,2.003,OK
scale_outlier_N8_K2_s42.txt,scale,outlier,8,2,MIP,2.0,624,0.132,OK
scale_outlier_N8_K2_s42.txt,scale,outlier,8,2,Greedy_LS,5.0,624,0.036,OK
scale_outlier_N8_K2_s42.txt,scale,outlier,8,2,SA,5.0,624,4.403,OK
scale_outlier_N8_K2_s42.txt,scale,outlier,8,2,Tabu,5.0,624,5.003,OK
scale_outlier_N8_K2_s42.txt,scale,outlier,8,2,MIP,5.0,624,0.143,OK
scale_uniform_N120_K10_s42.txt,scale,uniform,120,10,Greedy_LS,0.5,1115,0.503,OK
scale_uniform_N120_K10_s42.txt,scale,uniform,120,10,SA,0.5,1081,0.445,OK
scale_uniform_N120_K10_s42.txt,scale,uniform,120,10,Tabu,0.5,2241,0.534,OK
scale_uniform_N120_K10_s42.txt,scale,uniform,120,10,Greedy_LS,1.0,1046,0.959,OK
scale_uniform_N120_K10_s42.txt,scale,uniform,120,10,SA,1.0,1058,0.883,OK
scale_uniform_N120_K10_s42.txt,scale,uniform,120,10,Tabu,1.0,2104,1.003,OK
scale_uniform_N120_K10_s42.txt,scale,uniform,120,10,Greedy_LS,2.0,1046,0.95,OK
scale_uniform_N120_K10_s42.txt,scale,uniform,120,10,SA,2.0,1040,1.763,OK
scale_uniform_N120_K10_s42.txt,scale,uniform,120,10,Tabu,2.0,1756,2.014,OK
scale_uniform_N120_K10_s42.txt,scale,uniform,120,10,Greedy_LS,5.0,1046,1.026,OK
scale_uniform_N120_K10_s42.txt,scale,uniform,120,10,SA,5.0,982,4.405,OK
scale_uniform_N120_K10_s42.txt,scale,uniform,120,10,Tabu,5.0,1670,5.018,OK
scale_uniform_N16_K4_s42.txt,scale,uniform,16,4,Greedy_LS,0.5,807,0.064,OK
scale_uniform_N16_K4_s42.txt,scale,uniform,16,4,SA,0.5,807,0.443,OK
scale_uniform_N16_K4_s42.txt,scale,uniform,16,4,Tabu,0.5,807,0.502,OK
scale_uniform_N16_K4_s42.txt,scale,uniform,16,4,MIP,0.5,1595,0.622,OK
scale_uniform_N16_K4_s42.txt,scale,uniform,16,4,Greedy_LS,1.0,807,0.077,OK
scale_uniform_N16_K4_s42.txt,scale,uniform,16,4,SA,1.0,807,0.882,OK
scale_uniform_N16_K4_s42.txt,scale,uniform,16,4,Tabu,1.0,807,1.003,OK
scale_uniform_N16_K4_s42.txt,scale,uniform,16,4,MIP,1.0,1037,1.055,OK
scale_uniform_N16_K4_s42.txt,scale,uniform,16,4,Greedy_LS,2.0,807,0.058,OK
scale_uniform_N16_K4_s42.txt,scale,uniform,16,4,SA,2.0,807,1.762,OK
scale_uniform_N16_K4_s42.txt,scale,uniform,16,4,Tabu,2.0,807,2.006,OK
scale_uniform_N16_K4_s42.txt,scale,uniform,16,4,MIP,2.0,1037,2.073,OK
scale_uniform_N16_K4_s42.txt,scale,uniform,16,4,Greedy_LS,5.0,807,0.085,OK
scale_uniform_N16_K4_s42.txt,scale,uniform,16,4,SA,5.0,807,4.413,OK
scale_uniform_N16_K4_s42.txt,scale,uniform,16,4,Tabu,5.0,807,5.004,OK
scale_uniform_N16_K4_s42.txt,scale,uniform,16,4,MIP,5.0,1037,5.309,OK
scale_uniform_N200_K15_s42.txt,scale,uniform,200,15,Greedy_LS,0.5,1030,0.504,OK
scale_uniform_N200_K15_s42.txt,scale,uniform,200,15,SA,0.5,935,0.444,OK
scale_uniform_N200_K15_s42.txt,scale,uniform,200,15,Tabu,0.5,3220,0.637,OK
scale_uniform_N200_K15_s42.txt,scale,uniform,200,15,Greedy_LS,1.0,1030,1.002,OK
scale_uniform_N200_K15_s42.txt,scale,uniform,200,15,SA,1.0,935,0.883,OK
scale_uniform_N200_K15_s42.txt,scale,uniform,200,15,Tabu,1.0,3196,1.198,OK
scale_uniform_N200_K15_s42.txt,scale,uniform,200,15,Greedy_LS,2.0,997,1.503,OK
scale_uniform_N200_K15_s42.txt,scale,uniform,200,15,SA,2.0,935,1.762,OK
scale_uniform_N200_K15_s42.txt,scale,uniform,200,15,Tabu,2.0,3158,2.051,OK
scale_uniform_N200_K15_s42.txt,scale,uniform,200,15,Greedy_LS,5.0,997,1.609,OK
scale_uniform_N200_K15_s42.txt,scale,uniform,200,15,SA,5.0,932,4.407,OK
scale_uniform_N200_K15_s42.txt,scale,uniform,200,15,Tabu,5.0,2913,5.011,OK
scale_uniform_N300_K20_s42.txt,scale,uniform,300,20,Greedy_LS,0.5,938,0.504,OK
scale_uniform_N300_K20_s42.txt,scale,uniform,300,20,SA,0.5,899,0.444,OK
scale_uniform_N300_K20_s42.txt,scale,uniform,300,20,Tabu,0.5,3630,0.977,OK
scale_uniform_N300_K20_s42.txt,scale,uniform,300,20,Greedy_LS,1.0,938,1.003,OK
scale_uniform_N300_K20_s42.txt,scale,uniform,300,20,SA,1.0,899,0.883,OK
scale_uniform_N300_K20_s42.txt,scale,uniform,300,20,Tabu,1.0,3630,1.68,OK
scale_uniform_N300_K20_s42.txt,scale,uniform,300,20,Greedy_LS,2.0,919,2.007,OK
scale_uniform_N300_K20_s42.txt,scale,uniform,300,20,SA,2.0,898,1.766,OK
scale_uniform_N300_K20_s42.txt,scale,uniform,300,20,Tabu,2.0,3583,2.134,OK
scale_uniform_N300_K20_s42.txt,scale,uniform,300,20,Greedy_LS,5.0,919,1.967,OK
scale_uniform_N300_K20_s42.txt,scale,uniform,300,20,SA,5.0,885,4.403,OK
scale_uniform_N300_K20_s42.txt,scale,uniform,300,20,Tabu,5.0,3362,5.307,OK
scale_uniform_N30_K4_s42.txt,scale,uniform,30,4,Greedy_LS,0.5,1101,0.231,OK
scale_uniform_N30_K4_s42.txt,scale,uniform,30,4,SA,0.5,1101,0.445,OK
scale_uniform_N30_K4_s42.txt,scale,uniform,30,4,Tabu,0.5,1101,0.507,OK
scale_uniform_N30_K4_s42.txt,scale,uniform,30,4,MIP,0.5,2093,0.571,OK
scale_uniform_N30_K4_s42.txt,scale,uniform,30,4,Greedy_LS,1.0,1101,0.226,OK
scale_uniform_N30_K4_s42.txt,scale,uniform,30,4,SA,1.0,1101,0.882,OK
scale_uniform_N30_K4_s42.txt,scale,uniform,30,4,Tabu,1.0,1101,1.004,OK
scale_uniform_N30_K4_s42.txt,scale,uniform,30,4,MIP,1.0,2093,1.055,OK
scale_uniform_N30_K4_s42.txt,scale,uniform,30,4,Greedy_LS,2.0,1101,0.267,OK
scale_uniform_N30_K4_s42.txt,scale,uniform,30,4,SA,2.0,1101,1.762,OK
scale_uniform_N30_K4_s42.txt,scale,uniform,30,4,Tabu,2.0,1101,2.004,OK
scale_uniform_N30_K4_s42.txt,scale,uniform,30,4,MIP,2.0,2093,2.334,OK
scale_uniform_N30_K4_s42.txt,scale,uniform,30,4,Greedy_LS,5.0,1101,0.269,OK
scale_uniform_N30_K4_s42.txt,scale,uniform,30,4,SA,5.0,1101,4.403,OK
scale_uniform_N30_K4_s42.txt,scale,uniform,30,4,Tabu,5.0,1101,5.004,OK
scale_uniform_N30_K4_s42.txt,scale,uniform,30,4,MIP,5.0,1578,5.287,OK
scale_uniform_N50_K5_s42.txt,scale,uniform,50,5,Greedy_LS,0.5,1185,0.424,OK
scale_uniform_N50_K5_s42.txt,scale,uniform,50,5,SA,0.5,1197,0.447,OK
scale_uniform_N50_K5_s42.txt,scale,uniform,50,5,Tabu,0.5,1197,0.51,OK
scale_uniform_N50_K5_s42.txt,scale,uniform,50,5,Greedy_LS,1.0,1185,0.418,OK
scale_uniform_N50_K5_s42.txt,scale,uniform,50,5,SA,1.0,1197,0.883,OK
scale_uniform_N50_K5_s42.txt,scale,uniform,50,5,Tabu,1.0,1197,1.008,OK
scale_uniform_N50_K5_s42.txt,scale,uniform,50,5,Greedy_LS,2.0,1185,0.431,OK
scale_uniform_N50_K5_s42.txt,scale,uniform,50,5,SA,2.0,1197,1.763,OK
scale_uniform_N50_K5_s42.txt,scale,uniform,50,5,Tabu,2.0,1197,2.007,OK
scale_uniform_N50_K5_s42.txt,scale,uniform,50,5,Greedy_LS,5.0,1185,0.419,OK
scale_uniform_N50_K5_s42.txt,scale,uniform,50,5,SA,5.0,1197,4.403,OK
scale_uniform_N50_K5_s42.txt,scale,uniform,50,5,Tabu,5.0,1197,5.009,OK
scale_uniform_N80_K8_s42.txt,scale,uniform,80,8,Greedy_LS,0.5,989,0.503,OK
scale_uniform_N80_K8_s42.txt,scale,uniform,80,8,SA,0.5,984,0.445,OK
scale_uniform_N80_K8_s42.txt,scale,uniform,80,8,Tabu,0.5,2240,0.515,OK
scale_uniform_N80_K8_s42.txt,scale,uniform,80,8,Greedy_LS,1.0,989,0.605,OK
scale_uniform_N80_K8_s42.txt,scale,uniform,80,8,SA,1.0,984,0.882,OK
scale_uniform_N80_K8_s42.txt,scale,uniform,80,8,Tabu,1.0,2240,1.007,OK
scale_uniform_N80_K8_s42.txt,scale,uniform,80,8,Greedy_LS,2.0,989,0.643,OK
scale_uniform_N80_K8_s42.txt,scale,uniform,80,8,SA,2.0,984,1.762,OK
scale_uniform_N80_K8_s42.txt,scale,uniform,80,8,Tabu,2.0,2240,2.003,OK
scale_uniform_N80_K8_s42.txt,scale,uniform,80,8,Greedy_LS,5.0,989,0.574,OK
scale_uniform_N80_K8_s42.txt,scale,uniform,80,8,SA,5.0,984,4.403,OK
scale_uniform_N80_K8_s42.txt,scale,uniform,80,8,Tabu,5.0,2240,5.036,OK
scale_uniform_N8_K2_s42.txt,scale,uniform,8,2,Greedy_LS,0.5,1201,0.068,OK
scale_uniform_N8_K2_s42.txt,scale,uniform,8,2,SA,0.5,1201,0.442,OK
scale_uniform_N8_K2_s42.txt,scale,uniform,8,2,Tabu,0.5,1460,0.503,OK
scale_uniform_N8_K2_s42.txt,scale,uniform,8,2,MIP,0.5,1201,0.254,OK
scale_uniform_N8_K2_s42.txt,scale,uniform,8,2,Greedy_LS,1.0,1201,0.064,OK
scale_uniform_N8_K2_s42.txt,scale,uniform,8,2,SA,1.0,1201,0.885,OK
scale_uniform_N8_K2_s42.txt,scale,uniform,8,2,Tabu,1.0,1460,1.005,OK
scale_uniform_N8_K2_s42.txt,scale,uniform,8,2,MIP,1.0,1201,0.185,OK
scale_uniform_N8_K2_s42.txt,scale,uniform,8,2,Greedy_LS,2.0,1201,0.064,OK
scale_uniform_N8_K2_s42.txt,scale,uniform,8,2,SA,2.0,1201,1.763,OK
scale_uniform_N8_K2_s42.txt,scale,uniform,8,2,Tabu,2.0,1460,2.003,OK
scale_uniform_N8_K2_s42.txt,scale,uniform,8,2,MIP,2.0,1201,0.185,OK
scale_uniform_N8_K2_s42.txt,scale,uniform,8,2,Greedy_LS,5.0,1201,0.07,OK
scale_uniform_N8_K2_s42.txt,scale,uniform,8,2,SA,5.0,1201,4.403,OK
scale_uniform_N8_K2_s42.txt,scale,uniform,8,2,Tabu,5.0,1460,5.005,OK
scale_uniform_N8_K2_s42.txt,scale,uniform,8,2,MIP,5.0,1201,0.326,OK
timelimit_uniform_N30_K4_s0.txt,timelimit,uniform,30,4,Greedy_LS,0.5,1017,0.233,OK
timelimit_uniform_N30_K4_s0.txt,timelimit,uniform,30,4,SA,0.5,1017,0.448,OK
timelimit_uniform_N30_K4_s0.txt,timelimit,uniform,30,4,Tabu,0.5,1087,0.507,OK
timelimit_uniform_N30_K4_s0.txt,timelimit,uniform,30,4,MIP,0.5,2662,0.487,OK
timelimit_uniform_N30_K4_s0.txt,timelimit,uniform,30,4,Greedy_LS,1.0,1017,0.248,OK
timelimit_uniform_N30_K4_s0.txt,timelimit,uniform,30,4,SA,1.0,1017,0.883,OK
timelimit_uniform_N30_K4_s0.txt,timelimit,uniform,30,4,Tabu,1.0,1087,1.004,OK
timelimit_uniform_N30_K4_s0.txt,timelimit,uniform,30,4,MIP,1.0,2572,0.995,OK
timelimit_uniform_N30_K4_s0.txt,timelimit,uniform,30,4,Greedy_LS,2.0,1017,0.223,OK
timelimit_uniform_N30_K4_s0.txt,timelimit,uniform,30,4,SA,2.0,1017,1.762,OK
timelimit_uniform_N30_K4_s0.txt,timelimit,uniform,30,4,Tabu,2.0,1087,2.004,OK
timelimit_uniform_N30_K4_s0.txt,timelimit,uniform,30,4,MIP,2.0,2572,2.017,OK
timelimit_uniform_N30_K4_s0.txt,timelimit,uniform,30,4,Greedy_LS,5.0,1017,0.273,OK
timelimit_uniform_N30_K4_s0.txt,timelimit,uniform,30,4,SA,5.0,1017,4.406,OK
timelimit_uniform_N30_K4_s0.txt,timelimit,uniform,30,4,Tabu,5.0,1087,5.006,OK
timelimit_uniform_N30_K4_s0.txt,timelimit,uniform,30,4,MIP,5.0,2572,5.134,OK
timelimit_uniform_N30_K4_s1.txt,timelimit,uniform,30,4,Greedy_LS,0.5,1289,0.25,OK
timelimit_uniform_N30_K4_s1.txt,timelimit,uniform,30,4,SA,0.5,1357,0.445,OK
timelimit_uniform_N30_K4_s1.txt,timelimit,uniform,30,4,Tabu,0.5,1390,0.507,OK
timelimit_uniform_N30_K4_s1.txt,timelimit,uniform,30,4,MIP,0.5,3273,0.486,OK
timelimit_uniform_N30_K4_s1.txt,timelimit,uniform,30,4,Greedy_LS,1.0,1289,0.255,OK
timelimit_uniform_N30_K4_s1.txt,timelimit,uniform,30,4,SA,1.0,1357,0.882,OK
timelimit_uniform_N30_K4_s1.txt,timelimit,uniform,30,4,Tabu,1.0,1390,1.004,OK
timelimit_uniform_N30_K4_s1.txt,timelimit,uniform,30,4,MIP,1.0,2297,1.001,OK
timelimit_uniform_N30_K4_s1.txt,timelimit,uniform,30,4,Greedy_LS,2.0,1289,0.246,OK
timelimit_uniform_N30_K4_s1.txt,timelimit,uniform,30,4,SA,2.0,1357,1.762,OK
timelimit_uniform_N30_K4_s1.txt,timelimit,uniform,30,4,Tabu,2.0,1390,2.003,OK
timelimit_uniform_N30_K4_s1.txt,timelimit,uniform,30,4,MIP,2.0,2297,2.005,OK
timelimit_uniform_N30_K4_s1.txt,timelimit,uniform,30,4,Greedy_LS,5.0,1289,0.241,OK
timelimit_uniform_N30_K4_s1.txt,timelimit,uniform,30,4,SA,5.0,1357,4.405,OK
timelimit_uniform_N30_K4_s1.txt,timelimit,uniform,30,4,Tabu,5.0,1390,5.007,OK
timelimit_uniform_N30_K4_s1.txt,timelimit,uniform,30,4,MIP,5.0,2297,5.311,OK
timelimit_uniform_N30_K4_s2.txt,timelimit,uniform,30,4,Greedy_LS,0.5,1179,0.233,OK
timelimit_uniform_N30_K4_s2.txt,timelimit,uniform,30,4,SA,0.5,1179,0.447,OK
timelimit_uniform_N30_K4_s2.txt,timelimit,uniform,30,4,Tabu,0.5,1299,0.508,OK
timelimit_uniform_N30_K4_s2.txt,timelimit,uniform,30,4,MIP,0.5,1963,0.499,OK
timelimit_uniform_N30_K4_s2.txt,timelimit,uniform,30,4,Greedy_LS,1.0,1179,0.211,OK
timelimit_uniform_N30_K4_s2.txt,timelimit,uniform,30,4,SA,1.0,1179,0.882,OK
timelimit_uniform_N30_K4_s2.txt,timelimit,uniform,30,4,Tabu,1.0,1299,1.006,OK
timelimit_uniform_N30_K4_s2.txt,timelimit,uniform,30,4,MIP,1.0,1963,1.085,OK
timelimit_uniform_N30_K4_s2.txt,timelimit,uniform,30,4,Greedy_LS,2.0,1179,0.22,OK
timelimit_uniform_N30_K4_s2.txt,timelimit,uniform,30,4,SA,2.0,1179,1.762,OK
timelimit_uniform_N30_K4_s2.txt,timelimit,uniform,30,4,Tabu,2.0,1299,2.006,OK
timelimit_uniform_N30_K4_s2.txt,timelimit,uniform,30,4,MIP,2.0,1963,2.198,OK
timelimit_uniform_N30_K4_s2.txt,timelimit,uniform,30,4,Greedy_LS,5.0,1179,0.224,OK
timelimit_uniform_N30_K4_s2.txt,timelimit,uniform,30,4,SA,5.0,1179,4.405,OK
timelimit_uniform_N30_K4_s2.txt,timelimit,uniform,30,4,Tabu,5.0,1299,5.004,OK
timelimit_uniform_N30_K4_s2.txt,timelimit,uniform,30,4,MIP,5.0,1916,5.083,OK
timelimit_uniform_N30_K4_s3.txt,timelimit,uniform,30,4,Greedy_LS,0.5,1177,0.248,OK
timelimit_uniform_N30_K4_s3.txt,timelimit,uniform,30,4,SA,0.5,1177,0.447,OK
timelimit_uniform_N30_K4_s3.txt,timelimit,uniform,30,4,Tabu,0.5,1531,0.504,OK
timelimit_uniform_N30_K4_s3.txt,timelimit,uniform,30,4,MIP,0.5,2932,0.526,OK
timelimit_uniform_N30_K4_s3.txt,timelimit,uniform,30,4,Greedy_LS,1.0,1177,0.274,OK
timelimit_uniform_N30_K4_s3.txt,timelimit,uniform,30,4,SA,1.0,1177,0.882,OK
timelimit_uniform_N30_K4_s3.txt,timelimit,uniform,30,4,Tabu,1.0,1531,1.005,OK
timelimit_uniform_N30_K4_s3.txt,timelimit,uniform,30,4,MIP,1.0,2043,1.061,OK
timelimit_uniform_N30_K4_s3.txt,timelimit,uniform,30,4,Greedy_LS,2.0,1177,0.285,OK
timelimit_uniform_N30_K4_s3.txt,timelimit,uniform,30,4,SA,2.0,1177,1.762,OK
timelimit_uniform_N30_K4_s3.txt,timelimit,uniform,30,4,Tabu,2.0,1531,2.004,OK
timelimit_uniform_N30_K4_s3.txt,timelimit,uniform,30,4,MIP,2.0,2043,2.021,OK
timelimit_uniform_N30_K4_s3.txt,timelimit,uniform,30,4,Greedy_LS,5.0,1177,0.254,OK
timelimit_uniform_N30_K4_s3.txt,timelimit,uniform,30,4,SA,5.0,1177,4.402,OK
timelimit_uniform_N30_K4_s3.txt,timelimit,uniform,30,4,Tabu,5.0,1531,5.004,OK
timelimit_uniform_N30_K4_s3.txt,timelimit,uniform,30,4,MIP,5.0,2000,5.173,OK
timelimit_uniform_N30_K4_s4.txt,timelimit,uniform,30,4,Greedy_LS,0.5,1148,0.206,OK
timelimit_uniform_N30_K4_s4.txt,timelimit,uniform,30,4,SA,0.5,1148,0.447,OK
timelimit_uniform_N30_K4_s4.txt,timelimit,uniform,30,4,Tabu,0.5,1168,0.506,OK
timelimit_uniform_N30_K4_s4.txt,timelimit,uniform,30,4,MIP,0.5,3334,0.524,OK
timelimit_uniform_N30_K4_s4.txt,timelimit,uniform,30,4,Greedy_LS,1.0,1148,0.224,OK
timelimit_uniform_N30_K4_s4.txt,timelimit,uniform,30,4,SA,1.0,1148,0.882,OK
timelimit_uniform_N30_K4_s4.txt,timelimit,uniform,30,4,Tabu,1.0,1168,1.005,OK
timelimit_uniform_N30_K4_s4.txt,timelimit,uniform,30,4,MIP,1.0,2482,1.01,OK
timelimit_uniform_N30_K4_s4.txt,timelimit,uniform,30,4,Greedy_LS,2.0,1148,0.208,OK
timelimit_uniform_N30_K4_s4.txt,timelimit,uniform,30,4,SA,2.0,1148,1.762,OK
timelimit_uniform_N30_K4_s4.txt,timelimit,uniform,30,4,Tabu,2.0,1168,2.015,OK
timelimit_uniform_N30_K4_s4.txt,timelimit,uniform,30,4,MIP,2.0,2482,2.027,OK
timelimit_uniform_N30_K4_s4.txt,timelimit,uniform,30,4,Greedy_LS,5.0,1148,0.2,OK
timelimit_uniform_N30_K4_s4.txt,timelimit,uniform,30,4,SA,5.0,1148,4.402,OK
timelimit_uniform_N30_K4_s4.txt,timelimit,uniform,30,4,Tabu,5.0,1168,5.003,OK
timelimit_uniform_N30_K4_s4.txt,timelimit,uniform,30,4,MIP,5.0,2472,5.988,OK
